{"schemaVersion":"1.0","appDefinitionTemplate":{"id":"/providers/Microsoft.PowerApps/apps/","type":"Microsoft.PowerApps/apps","tags":{"primaryDeviceWidth":"640","primaryDeviceHeight":"1136","sienaVersion":"20210616T153052Z-3.21061.19.0","deviceCapabilities":"webcam","supportsPortrait":"true","supportsLandscape":"true","primaryFormFactor":"Phone","publisherVersion":"3.21061.19","minimumRequiredApiVersion":"2.2.0","hasComponent":"false","hasUnlockedComponent":"false","isUnifiedRootApp":"false"},"properties":{"appVersion":"2021-06-16T15:30:52Z","lifeCycleId":"Published","createdByClientVersion":{"major":3,"minor":21061,"build":19,"revision":0,"majorRevision":0,"minorRevision":0},"minClientVersion":{"major":3,"minor":21061,"build":19,"revision":0,"majorRevision":0,"minorRevision":0},"backgroundColor":"rgba(0, 176, 240, 1)","backgroundImageUri":"/144041152268823431/N7dff429a-1f75-4a7c-9288-9d1e0d62da8b-logoSmallFile","displayName":"Barcode Scanner 2","description":"","commitMessage":"List name correction","appUris":{"documentUri":{"value":"/144041152268823431/Ne071061c-a901-4127-bd93-29c3414429f4-document.msapp"},"imageUris":[]},"createdTime":"0001-01-01T00:00:00Z","lastModifiedTime":"0001-01-01T00:00:00Z","sharedGroupsCount":0,"sharedUsersCount":0,"icons":{"smallIconUri":"/144041152268823431/Nab6a3f9c-5187-44ed-90f0-0df05bba84c9-small.png","mediumIconUri":"/144041152268823431/N89ca43f4-cf42-48a8-8bbb-c3e30ecd0389-medium.png","largeIconUri":"/144041152268823431/N9aa5d476-bb5f-4ab4-8df4-f4dc2c9f87cf-large.png","wideIconUri":"/144041152268823431/N5181c03b-dd38-4db2-a267-13ad5712c014-wide.png"},"connectionReferences":{"07bd6c7e-514b-49a3-9128-76658099c376":{"id":"f47bb8ed-f6e0-4d3c-b959-616ba3abca72","displayName":"SharePoint","iconUri":"https://connectoricons-prod.azureedge.net/releases/v1.0.1472/1.0.1472.2427/sharepointonline/icon.png","dataSources":["Scan"],"dependencies":[],"dependents":[],"parameterHints":{},"parameterHintsV2":{},"isOnPremiseConnection":false,"bypassConsent":false,"dataSets":{"https://curajinstitute.sharepoint.com/sites/FaiyazSite":{"dataSources":{"Scan":{"tableName":"1b8d362a-3e48-4b62-bb96-65a2136dd2b2"}}}},"apiTier":"Standard","isCustomApiConnection":false}},"databaseReferences":{},"almMode":"Environment","performanceOptimizationEnabled":true,"canConsumeAppPass":true,"executionRestrictions":{"isTeamsOnly":false,"dataLossPreventionEvaluationResult":{"status":"Compliant","lastEvaluationDate":"2021-06-16T15:11:53.5957326Z","violations":[],"violationsByPolicy":[],"violationErrorMessage":"The app uses the following connectors: shared_sharepointonline."}}},"appType":"ClassicCanvasApp","appComponents":[]}}